UTC,Open,High,Low,Close,Volume
24.11.2016 00:00:00 UTC,1.24256,1.24945,1.24015,1.24515,153270.3